{
  "mae": 2.1886918544769287,
  "mse": 9.998480796813965,
  "r2": 0.9888623356819153,
  "rmse": 3.162037443929778
}
